student_id,content,wording
000000ffffff,-1.4419265626322209,-1.2784899181519709
111111eeeeee,-1.4419265626322209,-1.2784899181519709
222222cccccc,-1.4419265626322209,-1.2784899181519709
333333dddddd,-1.4419265626322209,-1.2784899181519709
